{
  "name": "aws_elb",
  "version": "1.0.0",
  "displayName": "Elastic Load Balancing",
  "description": "Analyze access logs for Elastic Load Balancing.",
  "license": "Apache-2.0",
  "type": "logs_elb",
  "labels": ["Observability", "Logs", "AWS", "Flint S3", "Cloud"],
  "author": "OpenSearch",
  "sourceUrl": "https://github.com/opensearch-project/dashboards-observability/tree/main/server/adaptors/integrations/__data__/repository/aws_elb/info",
  "statics": {
    "logo": {
      "annotation": "ELB Logo",
      "path": "logo.svg"
    },
    "gallery": [
      {
        "annotation": "ELB Dashboard",
        "path": "dashboard1.png"
      }
    ]
  },
  "components": [
    {
      "name": "communication",
      "version": "1.0.0"
    },
    {
      "name": "http",
      "version": "1.0.0"
    },
    {
      "name": "cloud",
      "version": "1.0.0"
    },
    {
      "name": "aws_elb",
      "version": "1.0.0"
    },
    {
      "name": "url",
      "version": "1.0.0"
    },
    {
      "name": "logs_elb",
      "version": "1.0.0"
    }
  ],
  "assets": {
    "savedObjects": {
      "name": "aws_elb",
      "version": "1.0.0"
    },
    "queries": [
      {
        "name": "create_table",
        "version": "1.0.0",
        "language": "sql"
      },
      {
        "name": "create_mv",
        "version": "1.0.0",
        "language": "sql"
      }
    ]
  },
  "sampleData": {
    "path": "sample.json"
  }
}
