{
  "name": "nginx",
  "version": "1.0.0",
  "displayName": "Nginx",
  "description": "Analyze Nginx access logs.",
  "license": "Apache-2.0",
  "type": "logs",
  "labels": ["Observability", "Logs", "Flint S3"],
  "author": "OpenSearch",
  "sourceUrl": "https://github.com/opensearch-project/dashboards-observability/tree/main/server/adaptors/integrations/__data__/repository/nginx/info",
  "statics": {
    "logo": {
      "annotation": "NginX Logo",
      "path": "logo.svg"
    },
    "gallery": [
      {
        "annotation": "NginX Dashboard",
        "path": "dashboard1.png"
      },
      {
        "annotation": "NginX Dashboard view",
        "path": "dashboard2.png"
      }
    ]
  },
  "components": [
    {
      "name": "communication",
      "version": "1.0.0"
    },
    {
      "name": "http",
      "version": "1.0.0"
    },
    {
      "name": "logs",
      "version": "1.0.0"
    }
  ],
  "assets": {
    "savedObjects": {
      "name": "nginx",
      "version": "1.0.0"
    },
    "queries": [
      {
        "name": "create_table",
        "version": "1.0.0",
        "language": "sql"
      },
      {
        "name": "create_mv",
        "version": "1.0.0",
        "language": "sql"
      }
    ]
  },
  "sampleData": {
    "path": "sample.json"
  }
}
