{
    "name": "nginx",
    "version": "1.0.0",
    "displayName": "NginX Dashboard",
    "description": "Nginx HTTP server collector",
    "license": "Apache-2.0",
    "type": "logs",
    "link": "https://www.nginx.com/",
    "author": "OpenSearch",
    "sourceUrl": "https://github.com/opensearch-project/observability/tree/2.x/integrations/nginx",
    "statics": {
        "logo": {
            "annotation": "NginX Logo",
            "path": "logo.svg"
        },
        "gallery": [
            {
                "annotation": "NginX Dashboard",
                "path": "dashboard1.png"
            }
        ]
    },
    "components": [
        {
            "name": "communication",
            "version": "1.0.0"
        },
        {
            "name": "http",
            "version": "1.0.0"
        },
        {
            "name": "logs",
            "version": "1.0.0"
        }
    ],
    "assets": {
        "savedObjects": {
            "name": "nginx",
            "version": "1.0.0"
        }
    }
}