{
  "name": "aws_elb",
  "version": "1.0.0",
  "displayName": "Elastic Load Balancing",
  "description": "Analyze access logs for Elastic Load Balancing.",
  "license": "Apache-2.0",
  "type": "logs_elb",
  "labels": ["Observability", "Logs", "AWS", "Flint S3", "Cloud"],
  "author": "OpenSearch",
  "sourceUrl": "https://github.com/opensearch-project/dashboards-observability/tree/main/server/adaptors/integrations/__data__/repository/aws_elb/info",
  "workflows": [
    {
      "name": "queries",
      "label": "Queries (recommended)",
      "description": "Tables and pre-written queries for quickly getting insights on your data.",
      "enabled_by_default": true
    },
    {
      "name": "dashboards",
      "label": "Dashboards & Visualizations",
      "description": "Dashboards and indices that enable you to easily visualize important metrics.",
      "enabled_by_default": false
    }
  ],
  "statics": {
    "logo": {
      "annotation": "ELB Logo",
      "path": "logo.svg"
    },
    "gallery": [
      {
        "annotation": "ELB Dashboard",
        "path": "dashboard1.png"
      }
    ]
  },
  "components": [
    {
      "name": "communication",
      "version": "1.0.0"
    },
    {
      "name": "http",
      "version": "1.0.0"
    },
    {
      "name": "cloud",
      "version": "1.0.0"
    },
    {
      "name": "aws_elb",
      "version": "1.0.0"
    },
    {
      "name": "url",
      "version": "1.0.0"
    },
    {
      "name": "logs_elb",
      "version": "1.0.0"
    }
  ],
  "assets": [
    {
      "name": "aws_elb",
      "version": "1.0.0",
      "extension": "ndjson",
      "type": "savedObjectBundle",
      "workflows": ["dashboards"]
    },
    {
      "name": "create_table",
      "version": "1.0.0",
      "extension": "sql",
      "type": "query"
    },
    {
      "name": "create_skipping_index",
      "version": "1.0.0",
      "extension": "sql",
      "type": "query",
      "workflows": ["queries"]
    },
    {
      "name": "create_mv",
      "version": "1.0.0",
      "extension": "sql",
      "type": "query",
      "workflows": ["dashboards"]
    },
    {
      "name": "example_queries",
      "version": "1.0.0",
      "extension": "ndjson",
      "type": "savedObjectBundle",
      "workflows": ["queries"]
    }
  ],
  "sampleData": {
    "path": "sample.json"
  }
}
