{
  "name": "aws_vpc_flow",
  "version": "1.0.0",
  "displayName": "Amazon VPC",
  "description": "Monitor IP traffic with VPC Flow Logs.",
  "license": "Apache-2.0",
  "type": "logs_vpc",
  "labels": ["Observability", "Logs", "AWS", "Cloud", "Flint S3"],
  "author": "Haidong Wang",
  "sourceUrl": "https://github.com/opensearch-project/dashboards-observability/tree/main/server/adaptors/integrations/__data__/repository/aws_vpc_flow/info",
  "statics": {
    "logo": {
      "annotation": "AWS VPC Logo",
      "path": "logo.svg"
    },
    "gallery": [
      {
        "annotation": "AWS VPC Flow Log Dashboard",
        "path": "dashboard1.png"
      }
    ]
  },
  "components": [
    {
      "name": "aws_vpc_flow",
      "version": "1.0.0"
    },
    {
      "name": "cloud",
      "version": "1.0.0"
    },
    {
      "name": "communication",
      "version": "1.0.0"
    },
    {
      "name": "logs_vpc",
      "version": "1.0.0"
    },
    {
      "name": "aws_s3",
      "version": "1.0.0"
    }
  ],
  "assets": {
    "savedObjects": {
      "name": "aws_vpc_flow",
      "version": "1.0.0"
    },
    "queries": [
      {
        "name": "create_table_vpc",
        "version": "1.0.0",
        "language": "sql"
      },
      {
        "name": "create_mv_vpc",
        "version": "1.0.0",
        "language": "sql"
      }
    ]
  },
  "sampleData": {
    "path": "sample.json"
  }
}
