{
  "name": "aws_cloudfront",
  "version": "1.0.0",
  "displayName": "Amazon CloudFront",
  "description": "Analyze access logs for Amazon CloudFront.",
  "license": "Apache-2.0",
  "type": "logs-aws_cloudfront",
  "labels": ["Observability", "Logs", "AWS", "Cloud"],
  "author": "OpenSearch",
  "sourceUrl": "https://github.com/opensearch-project/dashboards-observability/tree/main/server/adaptors/integrations/__data__/repository/aws_cloudfront/info",
  "statics": {
    "logo": {
      "annotation": "CloudFront Logo",
      "path": "logo.png"
    },
    "gallery": [
      {
        "annotation": "AWS cloudfront Dashboard",
        "path": "dashboard.png"
      }
    ]
  },
  "components": [
    {
      "name": "aws_cloudfront",
      "version": "1.0.0"
    },
    {
      "name": "aws_s3",
      "version": "1.0.0"
    },
    {
      "name": "cloud",
      "version": "1.0.0"
    },
    {
      "name": "logs-aws_cloudfront",
      "version": "1.0.0"
    }
  ],
  "assets": [
    {
      "name": "aws_cloudfront",
      "version": "1.0.0",
      "extension": "ndjson",
      "type": "savedObjectBundle"
    }
  ],
  "sampleData": {
    "path": "sample.json"
  }
}
