{
  "name": "amazon_vpc_flow",
  "version": "1.0.0",
  "displayName": "Amazon VPC",
  "description": "Monitor IP traffic with VPC Flow Logs.",
  "license": "Apache-2.0",
  "type": "logs_vpc",
  "labels": ["Security Lake", "Observability", "Logs", "AWS", "Cloud", "Flint S3"],
  "author": "Haidong Wang",
  "sourceUrl": "https://github.com/opensearch-project/dashboards-observability/tree/main/server/adaptors/integrations/__data__/repository/aws_vpc_flow/info",
  "workflows": [
    {
      "name": "queries",
      "label": "Queries (recommended)",
      "description": "Tables and pre-written queries for quickly getting insights on your data.",
      "enabled_by_default": true
    },
    {
      "name": "dashboards",
      "label": "Dashboards & Visualizations",
      "description": "Dashboards and indices that enable you to easily visualize important metrics.",
      "enabled_by_default": false
    },
    {
      "name": "flint-live-dashboards",
      "label": "Dashboards & Visualizations For Flint Integrations using live queries",
      "description": "Dashboards and visualizations aligned with Flint S3 datasource ",
      "enabled_by_default": false
    },
    {
      "name": "flint-pre-agg-dashboards",
      "label": "Dashboards & Visualizations For Flint Integrations using pre-aggregated queries",
      "description": "This step creates the MV pre-aggregated queries without running them, in order to actually update their data select the following `flint-pre-agg-refresh` workflow option ",
      "enabled_by_default": false
    },
    {
      "name": "flint-pre-agg-refresh",
      "label": "Refreshing and populate the pre-aggregated projections ",
      "description": "This step populate the pre-aggregated projections by enabling the REFRESH command to run, this step depends on selection of the previous `flint-pre-agg-dashboards` step",
      "enabled_by_default": false
    },
    {
      "name": "queries-security-lake",
      "label": "Queries (recommended)",
      "description": "Tables and pre-written queries for quickly getting insights on your data.",
      "enabled_by_default": true
    },
    {
      "name": "dashboards-security-lake",
      "label": "Dashboards & Visualizations",
      "description": "Dashboards and indices that enable you to easily visualize important metrics.",
      "enabled_by_default": true
    }
  ],
  "statics": {
    "logo": {
      "annotation": "AWS VPC Logo",
      "path": "logo.svg"
    },
    "gallery": [
      {
        "annotation": "AWS VPC Flow Log Dashboard",
        "path": "dashboard1.png"
      }
    ]
  },
  "components": [
    {
      "name": "aws_vpc_flow",
      "version": "1.0.0"
    },
    {
      "name": "cloud",
      "version": "1.0.0"
    },
    {
      "name": "communication",
      "version": "1.0.0"
    },
    {
      "name": "logs_vpc",
      "version": "1.0.0"
    },
    {
      "name": "aws_s3",
      "version": "1.0.0"
    }
  ],
  "assets": [
    {
      "name": "create_table_parquet_vpc",
      "version": "1.0.0",
      "extension": "sql",
      "type": "query",
      "workflows": ["flint-live-dashboards","flint-pre-agg-dashboards"]
    },
    {
      "name": "example_queries",
      "version": "1.0.0",
      "extension": "ndjson",
      "type": "savedObjectBundle",
      "workflows": ["queries"]
    },
    {
      "name": "create_skipping_index",
      "version": "1.0.0",
      "extension": "sql",
      "type": "query",
      "workflows": ["queries"]
    },
    {
      "name": "aws_vpc_flow",
      "version": "1.0.0",
      "extension": "ndjson",
      "type": "savedObjectBundle",
      "workflows": ["dashboards"]
    },
    {
      "name": "aws_vpc_flow_flint-live",
      "version": "1.0.0",
      "extension": "ndjson",
      "type": "savedObjectBundle",
      "workflows": ["flint-live-dashboards"]
    },
    {
      "name": "aws_vpc_flow_flint-pre_agg",
      "version": "1.0.0",
      "extension": "ndjson",
      "type": "savedObjectBundle",
      "workflows": ["flint-pre-agg-dashboards"]
    },
    {
      "name": "vpc_live_all_mv",
      "version": "1.0.0",
      "extension": "sql",
      "type": "query",
      "workflows": ["flint-live-dashboards"]
    },
    {
      "name": "vpc_live_week_mv",
      "version": "1.0.0",
      "extension": "sql",
      "type": "query",
      "workflows": ["flint-pre-agg-dashboards"]
    },
    {
      "name": "vpc_agg_60min_connections_mv",
      "version": "1.0.0",
      "extension": "sql",
      "type": "query",
      "workflows": ["flint-pre-agg-dashboards"]
    },
    {
      "name": "vpc_window-agg_60min_dest_ip_cardinality_mv",
      "version": "1.0.0",
      "extension": "sql",
      "type": "query",
      "workflows": ["flint-pre-agg-dashboards"]
    },
    {
      "name": "vpc_window-agg_60min_dest_ip_total-bytes_mv",
      "version": "1.0.0",
      "extension": "sql",
      "type": "query",
      "workflows": ["flint-pre-agg-dashboards"]
    },
    {
      "name": "vpc_live_week_refresh",
      "version": "1.0.0",
      "extension": "sql",
      "type": "query",
      "workflows": ["flint-pre-agg-refresh"]
    },
    {
      "name": "vpc_agg_60min_connections_refresh",
      "version": "1.0.0",
      "extension": "sql",
      "type": "query",
      "workflows": ["flint-pre-agg-refresh"]
    },
    {
      "name": "vpc_window-agg_60min_dest_ip_cardinality_refresh",
      "version": "1.0.0",
      "extension": "sql",
      "type": "query",
      "workflows": ["flint-pre-agg-refresh"]
    },
    {
      "name": "vpc_window-agg_60min_dest_ip_total-bytes_refresh",
      "version": "1.0.0",
      "extension": "sql",
      "type": "query",
      "workflows": ["flint-pre-agg-refresh"]
    },
    {
      "name": "aws_vpc_mv_schema_security_lake_2_0",
      "version": "1.0.0",
      "extension": "sql",
      "type": "query",
      "workflows": ["dashboards-security-lake"]
    },
    {
      "name": "aws_vpc_flow_security_lake_2_0",
      "version": "1.0.0",
      "extension": "ndjson",
      "type": "savedObjectBundle",
      "workflows": ["dashboards-security-lake"]
    }
  ],
  "sampleData": {
    "path": "sample.json"
  }
}
