{
  "id": "observabilityDashboards",
  "version": "2.13.0.0",
  "opensearchDashboardsVersion": "2.13.0",
  "server": true,
  "ui": true,
  "requiredPlugins": [
    "charts",
    "dashboard",
    "data",
    "embeddable",
    "inspector",
    "navigation",
    "opensearchDashboardsReact",
    "opensearchDashboardsUtils",
    "savedObjects",
    "uiActions",
    "urlForwarding",
    "visualizations"
  ],
  "optionalPlugins": [
    "managementOverview",
    "assistantDashboards"
  ],
  "configPath": [
    "observability"
  ]
}