[
  {
    "@timestamp": "2023-07-17T08:14:05.000Z",
    "body": "078d85edf7268fb4814b1b4fc9f4c64adfde218b6b489a38ecf1b269f14f3c7a centralizedlogging-webconsoleuis3bucket22191f5e-t9bxwwr3d7k [31/Jan/2023:09:25:20 +0000] 35.89.52.162 arn:aws:sts::347283850106:assumed-role/CentralizedLogging-CustomCDKBucketDeployment8693BB-1X4DVR38SF7ZY/CentralizedLogging-CustomCDKBucketDeployment8693BB-kU6BAxSswmfp HQ37919R28X8MPJV REST.GET.BUCKET - \"GET /?list-type=2&prefix=&encoding-type=url HTTP/1.1\" 200 - 322 - 30 29 \"-\" \"aws-cli/1.25.70 Python/3.9.13 Linux/4.14.255-296-236.539.amzn2.x86_64 exec-env/AWS_Lambda_python3.9 botocore/1.27.69\" - ",
    "event": {
      "result": "ACCEPT",
      "name": "s3_log",
      "domain": "s3.log"
    },
    "attributes": {
      "data_stream": {
        "dataset": "s3.log",
        "namespace": "production",
        "type": "logs"
      }
    },
    "cloud": {
      "provider": "aws",
      "account": {
        "id": "111111111111"
      },
      "region": "ap-southeast-2",
      "resource_id": "s3-centralizedlogging-webconsoleuis3bucket22191f5e-t9bxwwr3d7k",
      "platform": "aws_s3"
    },
    "aws": {
      "s3": {
        "bucket_owner": "078d85edf7268fb4814b1b4fc9f4c64adfde218b6b489a38ecf1b269f14f3c7a",
        "bucket": "centralizedlogging-webconsoleuis3bucket22191f5e-t9bxwwr3d7k",
        "remote_ip": "35.89.52.162",
        "requester": "arn:aws:sts::347283850106:assumed-role/CentralizedLogging-CustomCDKBucketDeployment8693BB-1X4DVR38SF7ZY/CentralizedLogging-CustomCDKBucketDeployment8693BB-kU6BAxSswmfp",
        "request_id": "HQ37919R28X8MPJV",
        "operation": "REST.GET.BUCKET",
        "key": "-",
        "request_uri": "GET /?list-type=2&prefix=&encoding-type=url HTTP/1.1",
        "http_status": "200",
        "error_code": "-",
        "bytes_sent": 322,
        "object_size": 120,
        "total_time": 30,
        "turn_around_time": 29,
        "referrer": "\"-\"",
        "user_agent": "aws-cli/1.25.70 Python/3.9.13 Linux/4.14.255-296-236.539.amzn2.x86_64 exec-env/AWS_Lambda_python3.9 botocore/1.27.69",
        "version_id": "-",
        "host_id": "DUNYWGgt/9RUbhzwcO3yz93WKqGoMi1xejnUiNFJRdza/5C29Q4dmCMCvFh+hxjkn5LzunPyQNo=",
        "signature_version": "SigV4",
        "cipher_suite": "ECDHE-RSA-AES128-GCM-SHA256",
        "authentication_type": "AuthHeader",
        "host_header": "centralizedlogging-webconsoleuis3bucket22191f5e-t9bxwwr3d7k.s3.us-west-2.amazonaws.com",
        "tls_version": "TLSv1.2"
      }
    }
  },
  {
    "@timestamp": "2023-07-18T09:15:07.000Z",
    "body": "084e71aee5e48296d6b4e0fead4f55abcddb2cf9b6c9923f4c276b7f12f5f1a7 alternativebucket-webconsoleuis3bucket44281g5f-t8cxzzr3d8k [31/Jan/2023:10:35:30 +0000] 36.99.53.163 arn:aws:sts::347283850107:assumed-role/AlternativeBucket-CustomCDKBucketDeployment8693BB-1X4DVR38SF8ZZ/AlternativeBucket-CustomCDKBucketDeployment8693BB-lU6BBySswmfr HQ37919R28X8MPJV REST.GET.BUCKET - \"GET /?list-type=2&prefix=&encoding-type=url HTTP/1.1\" 201 - 322 - 30 29 \"-\" \"aws-cli/1.25.71 Python/3.9.14 Linux/4.14.255-296-236.540.amzn2.x86_64 exec-env/AWS_Lambda_python3.9 botocore/1.27.70\" - ",
    "event": {
      "result": "ACCEPT",
      "name": "s3_log",
      "domain": "s3.log"
    },
    "attributes": {
      "data_stream": {
        "dataset": "s3.log",
        "namespace": "development",
        "type": "logs"
      }
    },
    "cloud": {
      "provider": "aws",
      "account": {
        "id": "222222222222"
      },
      "region": "ap-southeast-1",
      "resource_id": "s3-alternativebucket-webconsoleuis3bucket44281g5f-t8cxzzr3d8k",
      "platform": "aws_s3"
    },
    "aws": {
      "s3": {
        "bucket_owner": "084e71aee5e48296d6b4e0fead4f55abcddb2cf9b6c9923f4c276b7f12f5f1a7",
        "bucket": "alternativebucket-webconsoleuis3bucket44281g5f-t8cxzzr3d8k",
        "remote_ip": "36.99.53.163",
        "requester": "arn:aws:sts::347283850107:assumed-role/AlternativeBucket-CustomCDKBucketDeployment8693BB-1X4DVR38SF8ZZ/AlternativeBucket-CustomCDKBucketDeployment8693BB-lU6BBySswmfr",
        "request_id": "HQ37919R28X8MPJV",
        "operation": "REST.GET.BUCKET",
        "key": "-",
        "request_uri": "GET /?list-type=2&prefix=&encoding-type=url HTTP/1.1",
        "http_status": "201",
        "error_code": "-",
        "bytes_sent": 322,
        "object_size": 234,
        "total_time": 30,
        "turn_around_time": 29,
        "referrer": "\"-\"",
        "user_agent": "aws-cli/1.25.71 Python/3.9.14 Linux/4.14.255-296-236.540.amzn2.x86_64 exec-env/AWS_Lambda_python3.9 botocore/1.27.70",
        "version_id": "-",
        "host_id": "DUNYWGgt/9RUbhzwcO3yz93WKqGoMi1xejnUiNFJRdza/5C29Q4dmCMCvFh+hxjkn5LzunPyQNo=",
        "signature_version": "SigV4",
        "cipher_suite": "ECDHE-RSA-AES128-GCM-SHA256",
        "authentication_type": "AuthHeader",
        "host_header": "alternativebucket-webconsoleuis3bucket44281g5f-t8cxzzr3d8k.s3.ap-southeast-1.amazonaws.com",
        "tls_version": "TLSv1.2"
      }
    }
  },
  {
    "@timestamp": "2023-07-19T10:16:09.000Z",
    "body": "094f61afd5f582a7d7c5f1gfbad5g66bcded3df9c6a9934f5c367c7g13g6g2b8 testbucket-webconsoleuis3bucket55291h5g-t7dyxxr3d9k [31/Jan/2023:11:45:40 +0000] 37.109.54.164 arn:aws:sts::347283850108:assumed-role/TestBucket-CustomCDKBucketDeployment8693BB-1X4DVR38SF9ZZ/TestBucket-CustomCDKBucketDeployment8693BB-mU6BBzSswmfs HQ37919R28X8MPJV REST.GET.BUCKET - \"GET /?list-type=2&prefix=&encoding-type=url HTTP/1.1\" 202 - 322 - 30 29 \"-\" \"aws-cli/1.25.72 Python/3.9.15 Linux/4.14.255-296-236.541.amzn2.x86_64 exec-env/AWS_Lambda_python3.9 botocore/1.27.71\" - ",
    "event": {
      "result": "ACCEPT",
      "name": "s3_log",
      "domain": "s3.log"
    },
    "attributes": {
      "data_stream": {
        "dataset": "s3.log",
        "namespace": "testing",
        "type": "logs"
      }
    },
    "cloud": {
      "provider": "aws",
      "account": {
        "id": "333333333333"
      },
      "region": "us-east-1",
      "resource_id": "s3-testbucket-webconsoleuis3bucket55291h5g-t7dyxxr3d9k",
      "platform": "aws_s3"
    },
    "aws": {
      "s3": {
        "bucket_owner": "094f61afd5f582a7d7c5f1gfbad5g66bcded3df9c6a9934f5c367c7g13g6g2b8",
        "bucket": "testbucket-webconsoleuis3bucket55291h5g-t7dyxxr3d9k",
        "remote_ip": "37.109.54.164",
        "requester": "arn:aws:sts::347283850108:assumed-role/TestBucket-CustomCDKBucketDeployment8693BB-1X4DVR38SF9ZZ/TestBucket-CustomCDKBucketDeployment8693BB-mU6BBzSswmfs",
        "request_id": "HQ37919R28X8MPJV",
        "operation": "REST.GET.BUCKET",
        "key": "-",
        "request_uri": "GET /?list-type=2&prefix=&encoding-type=url HTTP/1.1",
        "http_status": "202",
        "error_code": "-",
        "bytes_sent": 322,
        "object_size": 345,
        "total_time": 30,
        "turn_around_time": 29,
        "referrer": "\"-\"",
        "user_agent": "aws-cli/1.25.72 Python/3.9.15 Linux/4.14.255-296-236.541.amzn2.x86_64 exec-env/AWS_Lambda_python3.9 botocore/1.27.71",
        "version_id": "-",
        "host_id": "DUNYWGgt/9RUbhzwcO3yz93WKqGoMi1xejnUiNFJRdza/5C29Q4dmCMCvFh+hxjkn5LzunPyQNo=",
        "signature_version": "SigV4",
        "cipher_suite": "ECDHE-RSA-AES128-GCM-SHA256",
        "authentication_type": "AuthHeader",
        "host_header": "testbucket-webconsoleuis3bucket55291h5g-t7dyxxr3d9k.s3.us-east-1.amazonaws.com",
        "tls_version": "TLSv1.2"
      }
    }
  },
  {
    "@timestamp": "2023-07-21T12:18:14.000Z",
    "body": "123d94egf8769gh4825b1c4hc9j5k67lmdfe328l7b589b39mcf2c389p24g4d8r backupbucket-webconsoleuis3bucket44691j6h-t5ezzzr4d1k [31/Jan/2023:13:55:60 +0000] 39.119.56.166 arn:aws:sts::347283850110:assumed-role/BackupBucket-CustomCDKBucketDeployment8693BB-1X4DVR38SF9AA/BackupBucket-CustomCDKBucketDeployment8693BB-nU6CCzSswmft HQ37919R28X8MPJV REST.GET.BUCKET - \"GET /?list-type=2&prefix=&encoding-type=url HTTP/1.1\" 204 - 322 - 30 29 \"-\" \"aws-cli/1.25.74 Python/3.9.17 Linux/4.14.255-296-236.543.amzn2.x86_64 exec-env/AWS_Lambda_python3.9 botocore/1.27.73\" - ",
    "event": {
      "result": "ACCEPT",
      "name": "s3_log",
      "domain": "s3.log"
    },
    "attributes": {
      "data_stream": {
        "dataset": "s3.log",
        "namespace": "backup",
        "type": "logs"
      }
    },
    "cloud": {
      "provider": "aws",
      "account": {
        "id": "555555555555"
      },
      "region": "eu-west-1",
      "resource_id": "s3-backupbucket-webconsoleuis3bucket44691j6h-t5ezzzr4d1k",
      "platform": "aws_s3"
    },
    "aws": {
      "s3": {
        "bucket_owner": "123d94egf8769gh4825b1c4hc9j5k67lmdfe328l7b589b39mcf2c389p24g4d8r",
        "bucket": "backupbucket-webconsoleuis3bucket44691j6h-t5ezzzr4d1k",
        "remote_ip": "39.119.56.166",
        "requester": "arn:aws:sts::347283850110:assumed-role/BackupBucket-CustomCDKBucketDeployment8693BB-1X4DVR38SF9AA/BackupBucket-CustomCDKBucketDeployment8693BB-nU6CCzSswmft",
        "request_id": "HQ37919R28X8MPJV",
        "operation": "REST.GET.BUCKET",
        "key": "-",
        "request_uri": "GET /?list-type=2&prefix=&encoding-type=url HTTP/1.1",
        "http_status": "204",
        "error_code": "-",
        "bytes_sent": 322,
        "object_size": 7,
        "total_time": 30,
        "turn_around_time": 29,
        "referrer": "\"-\"",
        "user_agent": "aws-cli/1.25.74 Python/3.9.17 Linux/4.14.255-296-236.543.amzn2.x86_64 exec-env/AWS_Lambda_python3.9 botocore/1.27.73",
        "version_id": "-",
        "host_id": "DUNYWGgt/9RUbhzwcO3yz93WKqGoMi1xejnUiNFJRdza/5C29Q4dmCMCvFh+hxjkn5LzunPyQNo=",
        "signature_version": "SigV4",
        "cipher_suite": "ECDHE-RSA-AES128-GCM-SHA256",
        "authentication_type": "AuthHeader",
        "host_header": "backupbucket-webconsoleuis3bucket44691j6h-t5ezzzr4d1k.s3.eu-west-1.amazonaws.com",
        "tls_version": "TLSv1.2"
      }
    }
  },
  {
    "@timestamp": "2023-07-23T16:22:33.000Z",
    "body": "456g67hid9870ji5832c1l6kd8m9n70opfg4329o8p690o41rdf3d451s35h6i9s dataanalytics-webconsoleuis3bucket77981l7h-u7iyzrr6d2p [31/Jan/2023:15:35:45 +0000] 48.129.58.168 arn:aws:sts::347283850115:assumed-role/DataAnalytics-CustomCDKBucketDeployment8693BB-1X4DVR38SF9BB/DataAnalytics-CustomCDKBucketDeployment8693BB-nU6CCzSswmfs HQ37919R28X8MPJV REST.GET.BUCKET - \"GET /?list-type=2&prefix=&encoding-type=url HTTP/1.1\" 200 - 322 - 30 29 \"-\" \"aws-cli/1.25.75 Python/3.9.18 Linux/4.14.255-296-236.546.amzn2.x86_64 exec-env/AWS_Lambda_python3.9 botocore/1.27.75\" - ",
    "event": {
      "result": "ACCEPT",
      "name": "s3_log",
      "domain": "s3.log"
    },
    "attributes": {
      "data_stream": {
        "dataset": "s3.log",
        "namespace": "analytics",
        "type": "logs"
      }
    },
    "cloud": {
      "provider": "aws",
      "account": {
        "id": "999999999999"
      },
      "region": "us-east-1",
      "resource_id": "s3-dataanalytics-webconsoleuis3bucket77981l7h-u7iyzrr6d2p",
      "platform": "aws_s3"
    },
    "aws": {
      "s3": {
        "bucket_owner": "456g67hid9870ji5832c1l6kd8m9n70opfg4329o8p690o41rdf3d451s35h6i9s",
        "bucket": "dataanalytics-webconsoleuis3bucket77981l7h-u7iyzrr6d2p",
        "remote_ip": "48.129.58.168",
        "requester": "arn:aws:sts::347283850115:assumed-role/DataAnalytics-CustomCDKBucketDeployment8693BB-1X4DVR38SF9BB/DataAnalytics-CustomCDKBucketDeployment8693BB-nU6CCzSswmfs",
        "request_id": "HQ37919R28X8MPJV",
        "operation": "REST.GET.BUCKET",
        "key": "-",
        "request_uri": "GET /?list-type=2&prefix=&encoding-type=url HTTP/1.1",
        "http_status": "200",
        "error_code": "-",
        "bytes_sent": 322,
        "object_size": 34,
        "total_time": 30,
        "turn_around_time": 29,
        "referrer": "\"-\"",
        "user_agent": "aws-cli/1.25.75 Python/3.9.18 Linux/4.14.255-296-236.546.amzn2.x86_64 exec-env/AWS_Lambda_python3.9 botocore/1.27.75",
        "version_id": "-",
        "host_id": "DUNYWGgt/9RUbhzwcO3yz93WKqGoMi1xejnUiNFJRdza/5C29Q4dmCMCvFh+hxjkn5LzunPyQNo=",
        "signature_version": "SigV4",
        "cipher_suite": "ECDHE-RSA-AES128-GCM-SHA256",
        "authentication_type": "AuthHeader",
        "host_header": "dataanalytics-webconsoleuis3bucket77981l7h-u7iyzrr6d2p.s3.us-east-1.amazonaws.com",
        "tls_version": "TLSv1.2"
      }
    }
  }
]
