{
  "index_patterns": ["ss4o_logs-k8s-*"],
  "data_stream": {},
  "template": {
    "aliases": {
      "logs-k8s": {}
    },
    "mappings": {
      "_meta": {
        "version": "1.0.0",
        "catalog": "observability",
        "type": "logs",
        "component": "log",
        "labels": [
          "log",
          "k8s",
          "cloud",
          "container"
        ],
        "correlations": [
          {
            "field": "spanId",
            "foreign-schema": "traces",
            "foreign-field": "spanId"
          },
          {
            "field": "traceId",
            "foreign-schema": "traces",
            "foreign-field": "traceId"
          }
        ]
      },
      "_source": {
        "enabled": true
      },
      "dynamic_templates": [
        {
          "resources_map": {
            "mapping": {
              "type": "keyword"
            },
            "path_match": "resource.*"
          }
        },
        {
          "attributes_map": {
            "mapping": {
              "type": "keyword"
            },
            "path_match": "attributes.*"
          }
        },
        {
          "instrumentation_scope_attributes_map": {
            "mapping": {
              "type": "keyword"
            },
            "path_match": "instrumentationScope.attributes.*"
          }
        }
      ],
      "properties": {
        "severity": {
          "properties": {
            "number": {
              "type": "long"
            },
            "text": {
              "type": "text",
              "fields": {
                "keyword": {
                  "type": "keyword",
                  "ignore_above": 256
                }
              }
            }
          }
        },
        "attributes": {
          "type": "object",
          "properties": {
            "data_stream": {
              "properties": {
                "dataset": {
                  "ignore_above": 128,
                  "type": "keyword"
                },
                "namespace": {
                  "ignore_above": 128,
                  "type": "keyword"
                },
                "type": {
                  "ignore_above": 56,
                  "type": "keyword"
                }
              }
            }
          }
        },
        "body": {
          "type": "text"
        },
        "@timestamp": {
          "type": "date"
        },
        "observedTimestamp": {
          "type": "date"
        },
        "observerTime": {
          "type": "alias",
          "path": "observedTimestamp"
        },
        "traceId": {
          "ignore_above": 256,
          "type": "keyword"
        },
        "spanId": {
          "ignore_above": 256,
          "type": "keyword"
        },
        "schemaUrl": {
          "type": "text",
          "fields": {
            "keyword": {
              "type": "keyword",
              "ignore_above": 256
            }
          }
        },
        "instrumentationScope": {
          "properties": {
            "name": {
              "type": "text",
              "fields": {
                "keyword": {
                  "type": "keyword",
                  "ignore_above": 128
                }
              }
            },
            "version": {
              "type": "text",
              "fields": {
                "keyword": {
                  "type": "keyword",
                  "ignore_above": 256
                }
              }
            },
            "dropped_attributes_count": {
              "type": "integer"
            },
            "schemaUrl": {
              "type": "text",
              "fields": {
                "keyword": {
                  "type": "keyword",
                  "ignore_above": 256
                }
              }
            }
          }
        },
        "event": {
          "properties": {
            "dataset": {
              "ignore_above": 128,
              "type": "keyword"
            },
            "duration": {
              "type": "long"
            },
            "domain": {
              "ignore_above": 256,
              "type": "keyword"
            },
            "name": {
              "ignore_above": 256,
              "type": "keyword"
            },
            "source": {
              "ignore_above": 256,
              "type": "keyword"
            },
            "category": {
              "ignore_above": 256,
              "type": "keyword"
            },
            "type": {
              "ignore_above": 256,
              "type": "keyword"
            },
            "kind": {
              "ignore_above": 256,
              "type": "keyword"
            },
            "result": {
              "ignore_above": 256,
              "type": "keyword"
            },
            "exception": {
              "properties": {
                "message": {
                  "ignore_above": 1024,
                  "type": "keyword"
                },
                "type": {
                  "ignore_above": 256,
                  "type": "keyword"
                },
                "stacktrace": {
                  "type": "text"
                }
              }
            }
          }
        }
      }
    },
    "settings": {
      "index": {
        "mapping": {
          "total_fields": {
            "limit": 10000
          }
        },
        "refresh_interval": "5s"
      }
    }
  },
  "composed_of": [
    "k8s",
    "container",
    "cloud"
  ],
  "version": 1
}
