{
  "name": "aws_rds",
  "version": "1.0.0",
  "displayName": "AWS RDS",
  "description": "AWS RDS",
  "license": "Apache-2.0",
  "type": "logs_rds",
  "labels": ["Observability", "Logs", "AWS", "Cloud"],
  "author": "OpenSearch",
  "sourceUrl": "https://github.com/opensearch-project/dashboards-observability/tree/main/server/adaptors/integrations/__data__/repository/aws_rds/info",
  "statics": {
    "logo": {
      "annotation": "AWS RDS Logo",
      "path": "aws-rds-icon.png"
    },
    "gallery": [
      {
        "annotation": "AWS RDS Dashboard",
        "path": "dashboard.png"
      }
    ]
  },
  "components": [
    {
      "name": "aws_rds",
      "version": "1.0.0"
    },
    {
      "name": "cloud",
      "version": "1.0.0"
    },
    {
      "name": "logs_rds",
      "version": "1.0.0"
    },
    {
      "name": "aws_s3",
      "version": "1.0.0"
    }
  ],
  "assets": {
    "savedObjects": {
      "name": "aws_rds",
      "version": "1.0.0"
    }
  },
  "sampleData": {
    "path": "sample.json"
  }
}
