{
  "name": "aws_waf",
  "version": "1.0.0",
  "displayName": "AWS Web Application Firewall",
  "description": "Analyze AWS WAF web ACL traffic.",
  "license": "Apache-2.0",
  "type": "logs_waf",
  "labels": ["Observability", "Logs", "AWS", "Cloud"],
  "author": "OpenSearch",
  "sourceUrl": "https://github.com/opensearch-project/dashboards-observability/tree/main/server/adaptors/integrations/__data__/repository/aws_waf/info",
  "statics": {
    "logo": {
      "annotation": "AWS WAF Logo",
      "path": "logo.png"
    },
    "gallery": [
      {
        "annotation": "AWS waf Log Dashboard",
        "path": "dashboard.png"
      }
    ]
  },
  "components": [
    {
      "name": "aws_waf",
      "version": "1.0.0"
    },
    {
      "name": "cloud",
      "version": "1.0.0"
    },
    {
      "name": "logs_waf",
      "version": "1.0.0"
    },
    {
      "name": "aws_s3",
      "version": "1.0.0"
    }
  ],
  "assets": [
    {
      "name": "aws_waf",
      "version": "1.0.0",
      "extension": "ndjson",
      "type": "savedObjectBundle"
    }
  ],
  "sampleData": {
    "path": "samples.json"
  }
}
