{
  "name": "aws_s3",
  "version": "1.0.0",
  "displayName": "Amazon S3",
  "description": "Analyze Amazon S3 server logs.",
  "license": "Apache-2.0",
  "type": "logs_s3",
  "labels": ["Observability", "Logs", "AWS", "Cloud", "Flint S3"],
  "author": "OpenSearch",
  "sourceUrl": "https://github.com/opensearch-project/dashboards-observability/tree/main/server/adaptors/integrations/__data__/repository/aws_s3/info",
  "workflows": [
    {
      "name": "queries",
      "label": "Queries (recommended)",
      "description": "Tables and pre-written queries for quickly getting insights on your data.",
      "enabled_by_default": true
    },
    {
      "name": "dashboards",
      "label": "Dashboards & Visualizations",
      "description": "Dashboards and indices that enable you to easily visualize important metrics.",
      "enabled_by_default": false
    }
  ],
  "statics": {
    "logo": {
      "annotation": "S3 Logo",
      "path": "logo.png"
    },
    "gallery": [
      {
        "annotation": "AWS S3 Dashboard",
        "path": "dashboard.png"
      }
    ]
  },
  "components": [
    {
      "name": "aws_s3",
      "version": "1.0.0"
    },
    {
      "name": "logs_s3",
      "version": "1.0.0"
    },
    {
      "name": "cloud",
      "version": "1.0.0"
    }
  ],
  "assets": [
    {
      "name": "aws_s3",
      "version": "1.0.0",
      "extension": "ndjson",
      "type": "savedObjectBundle",
      "workflows": ["dashboards"]
    },
    {
      "name": "example_queries",
      "version": "1.0.0",
      "extension": "ndjson",
      "type": "savedObjectBundle",
      "workflows": ["queries"]
    },
    {
      "name": "create_table",
      "version": "1.0.0",
      "extension": "sql",
      "type": "query"
    },
    {
      "name": "create_skipping_index",
      "version": "1.0.0",
      "extension": "sql",
      "type": "query",
      "workflows": ["queries"]
    },
    {
      "name": "create_mv",
      "version": "1.0.0",
      "extension": "sql",
      "type": "query",
      "workflows": ["dashboards"]
    }
  ],
  "sampleData": {
    "path": "sample.json"
  }
}
